0,235.37
0.01,235.37
0.02,235.37
0.03,235.37
0.04,235.37
0.05,235.36
0.06,235.36
0.07,235.36
0.08,235.35
0.09,235.35
0.1,235.34
0.11,235.34
0.12,235.34
0.13,235.33
0.14,235.33
0.15,235.32
0.16,235.32
0.17,235.32
0.18,235.31
0.19,235.31
0.2,235.3
0.21,235.3
0.22,235.29
0.23,235.29
0.24,235.28
0.25,235.28
0.26,235.27
0.27,235.27
0.28,235.26
0.29,235.26
0.3,235.25
0.31,235.24
0.32,235.24
0.33,235.23
0.34,235.22
0.35,235.21
0.36,235.21
0.37,235.2
0.38,235.19
0.39,235.18
0.4,235.17
0.41,235.17
0.42,235.16
0.43,235.15
0.44,235.14
0.45,235.13
0.46,235.12
0.47,235.11
0.48,235.1
0.49,235.09
0.5,235.08
0.51,235.07
0.52,235.05
0.53,235.04
0.54,235.03
0.55,235.02
0.56,235.01
0.57,235
0.58,234.98
0.59,234.97
0.6,234.96
0.61,234.94
0.62,234.93
0.63,234.92
0.64,234.9
0.65,234.89
0.66,234.87
0.67,234.86
0.68,234.84
0.69,234.83
0.7,234.81
0.71,234.8
0.72,234.78
0.73,234.77
0.74,234.75
0.75,234.73
0.76,234.71
0.77,234.7
0.78,234.68
0.79,234.66
0.8,234.64
0.81,234.63
0.82,234.61
0.83,234.59
0.84,234.57
0.85,234.55
0.86,234.53
0.87,234.51
0.88,234.49
0.89,234.47
0.9,234.45
0.91,234.43
0.92,234.41
0.93,234.38
0.94,234.36
0.95,234.34
0.96,234.32
0.97,234.29
0.98,234.27
0.99,234.25
1,234.22
1.01,234.2
1.02,234.18
1.03,234.15
1.04,234.13
1.05,234.1
1.06,234.08
1.07,234.05
1.08,234.03
1.09,234
1.1,233.97
1.11,233.95
1.12,233.92
1.13,233.89
1.14,233.86
1.15,233.84
1.16,233.81
1.17,233.78
1.18,233.75
1.19,233.72
1.2,233.69
1.21,233.66
1.22,233.63
1.23,233.6
1.24,233.57
1.25,233.54
1.26,233.51
1.27,233.48
1.28,233.45
1.29,233.42
1.3,233.38
1.31,233.35
1.32,233.32
1.33,233.29
1.34,233.25
1.35,233.22
1.36,233.18
1.37,233.15
1.38,233.12
1.39,233.08
1.4,233.05
1.41,233.01
1.42,232.97
1.43,232.94
1.44,232.9
1.45,232.87
1.46,232.83
1.47,232.79
1.48,232.75
1.49,232.72
1.5,232.68
1.51,232.64
1.52,232.6
1.53,232.56
1.54,232.52
1.55,232.48
1.56,232.44
1.57,232.4
1.58,232.36
1.59,232.32
1.6,232.28
1.61,232.24
1.62,232.2
1.63,232.15
1.64,232.11
1.65,232.07
1.66,232.03
1.67,231.98
1.68,231.94
1.69,231.89
1.7,231.85
1.71,231.81
1.72,231.76
1.73,231.72
1.74,231.67
1.75,231.63
1.76,231.58
1.77,231.53
1.78,231.49
1.79,231.44
1.8,231.39
1.81,231.34
1.82,231.3
1.83,231.25
1.84,231.2
1.85,231.15
1.86,231.1
1.87,231.05
1.88,231
1.89,230.95
1.9,230.9
1.91,230.85
1.92,230.8
1.93,230.75
1.94,230.7
1.95,230.65
1.96,230.6
1.97,230.54
1.98,230.49
1.99,230.44
2,230.39
2.01,230.33
2.02,230.28
2.03,230.23
2.04,230.17
2.05,230.12
2.06,230.06
2.07,230.01
2.08,229.95
2.09,229.9
2.1,229.84
2.11,229.78
2.12,229.73
2.13,229.67
2.14,229.61
2.15,229.55
2.16,229.5
2.17,229.44
2.18,229.38
2.19,229.32
2.2,229.26
2.21,229.2
2.22,229.14
2.23,229.08
2.24,229.02
2.25,228.96
2.26,228.9
2.27,228.84
2.28,228.78
2.29,228.72
2.3,228.66
2.31,228.6
2.32,228.53
2.33,228.47
2.34,228.41
2.35,228.35
2.36,228.28
2.37,228.22
2.38,228.15
2.39,228.09
2.4,228.03
2.41,227.96
2.42,227.9
2.43,227.83
2.44,227.76
2.45,227.7
2.46,227.63
2.47,227.57
2.48,227.5
2.49,227.43
2.5,227.37
2.51,227.3
2.52,227.23
2.53,227.16
2.54,227.09
2.55,227.03
2.56,226.96
2.57,226.89
2.58,226.82
2.59,226.75
2.6,226.68
2.61,226.61
2.62,226.54
2.63,226.47
2.64,226.4
2.65,226.33
2.66,226.25
2.67,226.18
2.68,226.11
2.69,226.04
2.7,225.97
2.71,225.89
2.72,225.82
2.73,225.75
2.74,225.67
2.75,225.6
2.76,225.53
2.77,225.45
2.78,225.38
2.79,225.3
2.8,225.23
2.81,225.15
2.82,225.08
2.83,225
2.84,224.93
2.85,224.85
2.86,224.77
2.87,224.7
2.88,224.62
2.89,224.54
2.9,224.47
2.91,224.39
2.92,224.31
2.93,224.23
2.94,224.15
2.95,224.07
2.96,224
2.97,223.92
2.98,223.84
2.99,223.76
3,223.68
3.01,223.6
3.02,223.52
3.03,223.44
3.04,223.36
3.05,223.28
3.06,223.2
3.07,223.12
3.08,223.03
3.09,222.95
3.1,222.87
3.11,222.79
3.12,222.71
3.13,222.62
3.14,222.54
3.15,222.46
3.16,222.37
3.17,222.29
3.18,222.21
3.19,222.12
3.2,222.04
3.21,221.96
3.22,221.87
3.23,221.79
3.24,221.7
3.25,221.62
3.26,221.53
3.27,221.45
3.28,221.36
3.29,221.28
3.3,221.19
3.31,221.1
3.32,221.02
3.33,220.93
3.34,220.84
3.35,220.76
3.36,220.67
3.37,220.58
3.38,220.49
3.39,220.41
3.4,220.32
3.41,220.23
3.42,220.14
3.43,220.05
3.44,219.96
3.45,219.88
3.46,219.79
3.47,219.7
3.48,219.61
3.49,219.52
3.5,219.43
3.51,219.34
3.52,219.25
3.53,219.16
3.54,219.07
3.55,218.98
3.56,218.89
3.57,218.8
3.58,218.7
3.59,218.61
3.6,218.52
3.61,218.43
3.62,218.34
3.63,218.25
3.64,218.15
3.65,218.06
3.66,217.97
3.67,217.88
3.68,217.78
3.69,217.69
3.7,217.6
3.71,217.5
3.72,217.41
3.73,217.32
3.74,217.22
3.75,217.13
3.76,217.03
3.77,216.94
3.78,216.85
3.79,216.75
3.8,216.66
3.81,216.56
3.82,216.47
3.83,216.37
3.84,216.28
3.85,216.18
3.86,216.09
3.87,215.99
3.88,215.89
3.89,215.8
3.9,215.7
3.91,215.61
3.92,215.51
3.93,215.41
3.94,215.32
3.95,215.22
3.96,215.12
3.97,215.03
3.98,214.93
3.99,214.83
4,214.73
4.01,214.64
4.02,214.54
4.03,214.44
4.04,214.34
4.05,214.25
4.06,214.15
4.07,214.05
4.08,213.95
4.09,213.85
4.1,213.75
4.11,213.66
4.12,213.56
4.13,213.46
4.14,213.36
4.15,213.26
4.16,213.16
4.17,213.06
4.18,212.96
4.19,212.86
4.2,212.76
4.21,212.66
4.22,212.57
4.23,212.47
4.24,212.37
4.25,212.27
4.26,212.17
4.27,212.07
4.28,211.97
4.29,211.86
4.3,211.76
4.31,211.66
4.32,211.56
4.33,211.46
4.34,211.36
4.35,211.26
4.36,211.16
4.37,211.06
4.38,210.96
4.39,210.86
4.4,210.76
4.41,210.66
4.42,210.55
4.43,210.45
4.44,210.35
4.45,210.25
4.46,210.15
4.47,210.05
4.48,209.95
4.49,209.84
4.5,209.74
4.51,209.64
4.52,209.54
4.53,209.44
4.54,209.33
4.55,209.23
4.56,209.13
4.57,209.03
4.58,208.93
4.59,208.82
4.6,208.72
4.61,208.62
4.62,208.52
4.63,208.41
4.64,208.31
4.65,208.21
4.66,208.11
4.67,208
4.68,207.9
4.69,207.8
4.7,207.7
4.71,207.59
4.72,207.49
4.73,207.39
4.74,207.29
4.75,207.18
4.76,207.08
4.77,206.98
4.78,206.88
4.79,206.77
4.8,206.67
4.81,206.57
4.82,206.46
4.83,206.36
4.84,206.26
4.85,206.16
4.86,206.05
4.87,205.95
4.88,205.85
4.89,205.74
4.9,205.64
4.91,205.54
4.92,205.44
4.93,205.33
4.94,205.23
4.95,205.13
4.96,205.02
4.97,204.92
4.98,204.82
4.99,204.71
5,204.61
5.01,204.51
5.02,204.41
5.03,204.3
5.04,204.2
5.05,204.1
5.06,203.99
5.07,203.89
5.08,203.79
5.09,203.69
5.1,203.58
5.11,203.48
5.12,203.38
5.13,203.28
5.14,203.17
5.15,203.07
5.16,202.97
5.17,202.86
5.18,202.76
5.19,202.66
5.2,202.56
5.21,202.45
5.22,202.35
5.23,202.25
5.24,202.15
5.25,202.04
5.26,201.94
5.27,201.84
5.28,201.74
5.29,201.64
5.3,201.53
5.31,201.43
5.32,201.33
5.33,201.23
5.34,201.13
5.35,201.02
5.36,200.92
5.37,200.82
5.38,200.72
5.39,200.62
5.4,200.51
5.41,200.41
5.42,200.31
5.43,200.21
5.44,200.11
5.45,200.01
5.46,199.9
5.47,199.8
5.48,199.7
5.49,199.6
5.5,199.5
5.51,199.4
5.52,199.3
5.53,199.2
5.54,199.1
5.55,198.99
5.56,198.89
5.57,198.79
5.58,198.69
5.59,198.59
5.6,198.49
5.61,198.39
5.62,198.29
5.63,198.19
5.64,198.09
5.65,197.99
5.66,197.89
5.67,197.79
5.68,197.69
5.69,197.59
5.7,197.49
5.71,197.39
5.72,197.29
5.73,197.19
5.74,197.09
5.75,196.99
5.76,196.89
5.77,196.79
5.78,196.69
5.79,196.59
5.8,196.49
5.81,196.4
5.82,196.3
5.83,196.2
5.84,196.1
5.85,196
5.86,195.9
5.87,195.8
5.88,195.7
5.89,195.61
5.9,195.51
5.91,195.41
5.92,195.31
5.93,195.21
5.94,195.12
5.95,195.02
5.96,194.92
5.97,194.82
5.98,194.73
5.99,194.63
6,194.53
6.01,194.43
6.02,194.34
6.03,194.24
6.04,194.14
6.05,194.05
6.06,193.95
6.07,193.85
6.08,193.76
6.09,193.66
6.1,193.56
6.11,193.47
6.12,193.37
6.13,193.27
6.14,193.18
6.15,193.08
6.16,192.99
6.17,192.89
6.18,192.8
6.19,192.7
6.2,192.6
6.21,192.51
6.22,192.41
6.23,192.32
6.24,192.22
6.25,192.13
6.26,192.04
6.27,191.94
6.28,191.85
6.29,191.75
6.3,191.66
6.31,191.56
6.32,191.47
6.33,191.38
6.34,191.28
6.35,191.19
6.36,191.09
6.37,191
6.38,190.91
6.39,190.81
6.4,190.72
6.41,190.63
6.42,190.53
6.43,190.44
6.44,190.35
6.45,190.26
6.46,190.16
6.47,190.07
6.48,189.98
6.49,189.89
6.5,189.8
6.51,189.7
6.52,189.61
6.53,189.52
6.54,189.43
6.55,189.34
6.56,189.25
6.57,189.15
6.58,189.06
6.59,188.97
6.6,188.88
6.61,188.79
6.62,188.7
6.63,188.61
6.64,188.52
6.65,188.43
6.66,188.34
6.67,188.25
6.68,188.16
6.69,188.07
6.7,187.98
6.71,187.89
6.72,187.8
6.73,187.71
6.74,187.62
6.75,187.53
6.76,187.44
6.77,187.36
6.78,187.27
6.79,187.18
6.8,187.09
6.81,187
6.82,186.91
6.83,186.83
6.84,186.74
6.85,186.65
6.86,186.56
6.87,186.47
6.88,186.39
6.89,186.3
6.9,186.21
6.91,186.13
6.92,186.04
6.93,185.95
6.94,185.86
6.95,185.78
6.96,185.69
6.97,185.61
6.98,185.52
6.99,185.43
7,185.35
7.01,185.26
7.02,185.18
7.03,185.09
7.04,185
7.05,184.92
7.06,184.83
7.07,184.75
7.08,184.66
7.09,184.58
7.1,184.49
7.11,184.41
7.12,184.32
7.13,184.24
7.14,184.16
7.15,184.07
7.16,183.99
7.17,183.9
7.18,183.82
7.19,183.74
7.2,183.65
7.21,183.57
7.22,183.49
7.23,183.4
7.24,183.32
7.25,183.24
7.26,183.15
7.27,183.07
7.28,182.99
7.29,182.91
7.3,182.82
7.31,182.74
7.32,182.66
7.33,182.58
7.34,182.49
7.35,182.41
7.36,182.33
7.37,182.25
7.38,182.17
7.39,182.09
7.4,182.01
7.41,181.92
7.42,181.84
7.43,181.76
7.44,181.68
7.45,181.6
7.46,181.52
7.47,181.44
7.48,181.36
7.49,181.28
7.5,181.2
7.51,181.12
7.52,181.04
7.53,180.96
7.54,180.88
7.55,180.8
7.56,180.72
7.57,180.64
7.58,180.56
7.59,180.48
7.6,180.41
7.61,180.33
7.62,180.25
7.63,180.17
7.64,180.09
7.65,180.01
7.66,179.94
7.67,179.86
7.68,179.78
7.69,179.7
7.7,179.62
7.71,179.55
7.72,179.47
7.73,179.39
7.74,179.31
7.75,179.24
7.76,179.16
7.77,179.08
7.78,179.01
7.79,178.93
7.8,178.85
7.81,178.78
7.82,178.7
7.83,178.62
7.84,178.55
7.85,178.47
7.86,178.39
7.87,178.32
7.88,178.24
7.89,178.17
7.9,178.09
7.91,178.02
7.92,177.94
7.93,177.87
7.94,177.79
7.95,177.72
7.96,177.64
7.97,177.57
7.98,177.49
7.99,177.42
8,177.34
8.01,177.27
8.02,177.19
8.03,177.12
8.04,177.04
8.05,176.97
8.06,176.9
8.07,176.82
8.08,176.75
8.09,176.68
8.1,176.6
8.11,176.53
8.12,176.46
8.13,176.38
8.14,176.31
8.15,176.24
8.16,176.16
8.17,176.09
8.18,176.02
8.19,175.94
8.2,175.87
8.21,175.8
8.22,175.73
8.23,175.66
8.24,175.58
8.25,175.51
8.26,175.44
8.27,175.37
8.28,175.3
8.29,175.22
8.3,175.15
8.31,175.08
8.32,175.01
8.33,174.94
8.34,174.87
8.35,174.8
8.36,174.72
8.37,174.65
8.38,174.58
8.39,174.51
8.4,174.44
8.41,174.37
8.42,174.3
8.43,174.23
8.44,174.16
8.45,174.09
8.46,174.02
8.47,173.95
8.48,173.88
8.49,173.81
8.5,173.74
8.51,173.67
8.52,173.6
8.53,173.53
8.54,173.46
8.55,173.39
8.56,173.32
8.57,173.25
8.58,173.18
8.59,173.11
8.6,173.04
8.61,172.97
8.62,172.91
8.63,172.84
8.64,172.77
8.65,172.7
8.66,172.63
8.67,172.56
8.68,172.49
8.69,172.43
8.7,172.36
8.71,172.29
8.72,172.22
8.73,172.15
8.74,172.08
8.75,172.02
8.76,171.95
8.77,171.88
8.78,171.81
8.79,171.75
8.8,171.68
8.81,171.61
8.82,171.54
8.83,171.48
8.84,171.41
8.85,171.34
8.86,171.27
8.87,171.21
8.88,171.14
8.89,171.07
8.9,171.01
8.91,170.94
8.92,170.87
8.93,170.81
8.94,170.74
8.95,170.67
8.96,170.61
8.97,170.54
8.98,170.47
8.99,170.41
9,170.34
9.01,170.27
9.02,170.21
9.03,170.14
9.04,170.08
9.05,170.01
9.06,169.94
9.07,169.88
9.08,169.81
9.09,169.75
9.1,169.68
9.11,169.62
9.12,169.55
9.13,169.48
9.14,169.42
9.15,169.35
9.16,169.29
9.17,169.22
9.18,169.16
9.19,169.09
9.2,169.03
9.21,168.96
9.22,168.9
9.23,168.83
9.24,168.77
9.25,168.7
9.26,168.64
9.27,168.57
9.28,168.51
9.29,168.44
9.3,168.38
9.31,168.31
9.32,168.25
9.33,168.18
9.34,168.12
9.35,168.06
9.36,167.99
9.37,167.93
9.38,167.86
9.39,167.8
9.4,167.73
9.41,167.67
9.42,167.61
9.43,167.54
9.44,167.48
9.45,167.41
9.46,167.35
9.47,167.29
9.48,167.22
9.49,167.16
9.5,167.09
9.51,167.03
9.52,166.97
9.53,166.9
9.54,166.84
9.55,166.78
9.56,166.71
9.57,166.65
9.58,166.59
9.59,166.52
9.6,166.46
9.61,166.4
9.62,166.33
9.63,166.27
9.64,166.21
9.65,166.14
9.66,166.08
9.67,166.02
9.68,165.95
9.69,165.89
9.7,165.83
9.71,165.76
9.72,165.7
9.73,165.64
9.74,165.58
9.75,165.51
9.76,165.45
9.77,165.39
9.78,165.32
9.79,165.26
9.8,165.2
9.81,165.14
9.82,165.07
9.83,165.01
9.84,164.95
9.85,164.88
9.86,164.82
9.87,164.76
9.88,164.7
9.89,164.63
9.9,164.57
9.91,164.51
9.92,164.45
9.93,164.38
9.94,164.32
9.95,164.26
9.96,164.2
9.97,164.13
9.98,164.07
9.99,164.01
10,163.95
10.01,163.89
10.02,163.82
10.03,163.76
10.04,163.7
10.05,163.64
10.06,163.57
10.07,163.51
10.08,163.45
10.09,163.39
10.1,163.33
10.11,163.26
10.12,163.2
10.13,163.14
10.14,163.08
10.15,163.01
10.16,162.95
10.17,162.89
10.18,162.83
10.19,162.77
10.2,162.7
10.21,162.64
10.22,162.58
10.23,162.52
10.24,162.46
10.25,162.39
10.26,162.33
10.27,162.27
10.28,162.21
10.29,162.15
10.3,162.08
10.31,162.02
10.32,161.96
10.33,161.9
10.34,161.84
10.35,161.78
10.36,161.71
10.37,161.65
10.38,161.59
10.39,161.53
10.4,161.47
10.41,161.4
10.42,161.34
10.43,161.28
10.44,161.22
10.45,161.16
10.46,161.09
10.47,161.03
10.48,160.97
10.49,160.91
10.5,160.85
10.51,160.79
10.52,160.72
10.53,160.66
10.54,160.6
10.55,160.54
10.56,160.48
10.57,160.41
10.58,160.35
10.59,160.29
10.6,160.23
10.61,160.17
10.62,160.11
10.63,160.04
10.64,159.98
10.65,159.92
10.66,159.86
10.67,159.8
10.68,159.73
10.69,159.67
10.7,159.61
10.71,159.55
10.72,159.49
10.73,159.43
10.74,159.36
10.75,159.3
10.76,159.24
10.77,159.18
10.78,159.12
10.79,159.05
10.8,158.99
10.81,158.93
10.82,158.87
10.83,158.81
10.84,158.74
10.85,158.68
10.86,158.62
10.87,158.56
10.88,158.5
10.89,158.43
10.9,158.37
10.91,158.31
10.92,158.25
10.93,158.19
10.94,158.12
10.95,158.06
10.96,158
10.97,157.94
10.98,157.88
10.99,157.81
11,157.75
11.01,157.69
11.02,157.63
11.03,157.57
11.04,157.5
11.05,157.44
11.06,157.38
11.07,157.32
11.08,157.26
11.09,157.19
11.1,157.13
11.11,157.07
11.12,157.01
11.13,156.94
11.14,156.88
11.15,156.82
11.16,156.76
11.17,156.69
11.18,156.63
11.19,156.57
11.2,156.51
11.21,156.45
11.22,156.38
11.23,156.32
11.24,156.26
11.25,156.2
11.26,156.13
11.27,156.07
11.28,156.01
11.29,155.95
11.3,155.88
11.31,155.82
11.32,155.76
11.33,155.7
11.34,155.63
11.35,155.57
11.36,155.51
11.37,155.44
11.38,155.38
11.39,155.32
11.4,155.26
11.41,155.19
11.42,155.13
11.43,155.07
11.44,155.01
11.45,154.94
11.46,154.88
11.47,154.82
11.48,154.75
11.49,154.69
11.5,154.63
11.51,154.57
11.52,154.5
11.53,154.44
11.54,154.38
11.55,154.31
11.56,154.25
11.57,154.19
11.58,154.12
11.59,154.06
11.6,154
11.61,153.93
11.62,153.87
11.63,153.81
11.64,153.74
11.65,153.68
11.66,153.62
11.67,153.55
11.68,153.49
11.69,153.43
11.7,153.36
11.71,153.3
11.72,153.24
11.73,153.17
11.74,153.11
11.75,153.05
11.76,152.98
11.77,152.92
11.78,152.86
11.79,152.79
11.8,152.73
11.81,152.66
11.82,152.6
11.83,152.54
11.84,152.47
11.85,152.41
11.86,152.35
11.87,152.28
11.88,152.22
11.89,152.15
11.9,152.09
11.91,152.03
11.92,151.96
11.93,151.9
11.94,151.83
11.95,151.77
11.96,151.71
11.97,151.64
11.98,151.58
11.99,151.51
12,151.45
12.01,151.38
12.02,151.32
12.03,151.26
12.04,151.19
12.05,151.13
12.06,151.06
12.07,151
12.08,150.93
12.09,150.87
12.1,150.81
12.11,150.74
12.12,150.68
12.13,150.61
12.14,150.55
12.15,150.48
12.16,150.42
12.17,150.35
12.18,150.29
12.19,150.22
12.2,150.16
12.21,150.09
12.22,150.03
12.23,149.96
12.24,149.9
12.25,149.83
12.26,149.77
12.27,149.7
12.28,149.64
12.29,149.57
12.3,149.51
12.31,149.44
12.32,149.38
12.33,149.31
12.34,149.25
12.35,149.18
12.36,149.12
12.37,149.05
12.38,148.99
12.39,148.92
12.4,148.86
12.41,148.79
12.42,148.73
12.43,148.66
12.44,148.59
12.45,148.53
12.46,148.46
12.47,148.4
12.48,148.33
12.49,148.27
12.5,148.2
12.51,148.13
12.52,148.07
12.53,148
12.54,147.94
12.55,147.87
12.56,147.81
12.57,147.74
12.58,147.67
12.59,147.61
12.6,147.54
12.61,147.48
12.62,147.41
12.63,147.34
12.64,147.28
12.65,147.21
12.66,147.15
12.67,147.08
12.68,147.01
12.69,146.95
12.7,146.88
12.71,146.81
12.72,146.75
12.73,146.68
12.74,146.61
12.75,146.55
12.76,146.48
12.77,146.41
12.78,146.35
12.79,146.28
12.8,146.21
12.81,146.15
12.82,146.08
12.83,146.01
12.84,145.95
12.85,145.88
12.86,145.81
12.87,145.75
12.88,145.68
12.89,145.61
12.9,145.55
12.91,145.48
12.92,145.41
12.93,145.35
12.94,145.28
12.95,145.21
12.96,145.14
12.97,145.08
12.98,145.01
12.99,144.94
13,144.88
13.01,144.81
13.02,144.74
13.03,144.67
13.04,144.61
13.05,144.54
13.06,144.47
13.07,144.4
13.08,144.34
13.09,144.27
13.1,144.2
13.11,144.13
13.12,144.07
13.13,144
13.14,143.93
13.15,143.86
13.16,143.8
13.17,143.73
13.18,143.66
13.19,143.59
13.2,143.52
13.21,143.46
13.22,143.39
13.23,143.32
13.24,143.25
13.25,143.18
13.26,143.12
13.27,143.05
13.28,142.98
13.29,142.91
13.3,142.84
13.31,142.78
13.32,142.71
13.33,142.64
13.34,142.57
13.35,142.5
13.36,142.43
13.37,142.37
13.38,142.3
13.39,142.23
13.4,142.16
13.41,142.09
13.42,142.02
13.43,141.95
13.44,141.89
13.45,141.82
13.46,141.75
13.47,141.68
13.48,141.61
13.49,141.54
13.5,141.47
13.51,141.4
13.52,141.34
13.53,141.27
13.54,141.2
13.55,141.13
13.56,141.06
13.57,140.99
13.58,140.92
13.59,140.85
13.6,140.78
13.61,140.72
13.62,140.65
13.63,140.58
13.64,140.51
13.65,140.44
13.66,140.37
13.67,140.3
13.68,140.23
13.69,140.16
13.7,140.09
13.71,140.02
13.72,139.95
13.73,139.88
13.74,139.82
13.75,139.75
13.76,139.68
13.77,139.61
13.78,139.54
13.79,139.47
13.8,139.4
13.81,139.33
13.82,139.26
13.83,139.19
13.84,139.12
13.85,139.05
13.86,138.98
13.87,138.91
13.88,138.84
13.89,138.77
13.9,138.7
13.91,138.63
13.92,138.56
13.93,138.49
13.94,138.42
13.95,138.35
13.96,138.28
13.97,138.21
13.98,138.14
13.99,138.07
14,138
14.01,137.93
14.02,137.86
14.03,137.79
14.04,137.72
14.05,137.65
14.06,137.58
14.07,137.51
14.08,137.44
14.09,137.37
14.1,137.3
14.11,137.23
14.12,137.16
14.13,137.09
14.14,137.02
14.15,136.95
14.16,136.88
14.17,136.81
14.18,136.74
14.19,136.67
14.2,136.59
14.21,136.52
14.22,136.45
14.23,136.38
14.24,136.31
14.25,136.24
14.26,136.17
14.27,136.1
14.28,136.03
14.29,135.96
14.3,135.89
14.31,135.82
14.32,135.75
14.33,135.68
14.34,135.6
14.35,135.53
14.36,135.46
14.37,135.39
14.38,135.32
14.39,135.25
14.4,135.18
14.41,135.11
14.42,135.04
14.43,134.97
14.44,134.89
14.45,134.82
14.46,134.75
14.47,134.68
14.48,134.61
14.49,134.54
14.5,134.47
14.51,134.4
14.52,134.33
14.53,134.25
14.54,134.18
14.55,134.11
14.56,134.04
14.57,133.97
14.58,133.9
14.59,133.83
14.6,133.76
14.61,133.68
14.62,133.61
14.63,133.54
14.64,133.47
14.65,133.4
14.66,133.33
14.67,133.25
14.68,133.18
14.69,133.11
14.7,133.04
14.71,132.97
14.72,132.9
14.73,132.83
14.74,132.75
14.75,132.68
14.76,132.61
14.77,132.54
14.78,132.47
14.79,132.4
14.8,132.32
14.81,132.25
14.82,132.18
14.83,132.11
14.84,132.04
14.85,131.96
14.86,131.89
14.87,131.82
14.88,131.75
14.89,131.68
14.9,131.61
14.91,131.53
14.92,131.46
14.93,131.39
14.94,131.32
14.95,131.25
14.96,131.17
14.97,131.1
14.98,131.03
14.99,130.96
15,130.89
15.01,130.81
15.02,130.74
15.03,130.67
15.04,130.6
15.05,130.53
15.06,130.45
15.07,130.38
15.08,130.31
15.09,130.24
15.1,130.17
15.11,130.09
15.12,130.02
15.13,129.95
15.14,129.88
15.15,129.8
15.16,129.73
15.17,129.66
15.18,129.59
15.19,129.52
15.2,129.44
15.21,129.37
15.22,129.3
15.23,129.23
15.24,129.15
15.25,129.08
15.26,129.01
15.27,128.94
15.28,128.86
15.29,128.79
15.3,128.72
15.31,128.65
15.32,128.57
15.33,128.5
15.34,128.43
15.35,128.36
15.36,128.28
15.37,128.21
15.38,128.14
15.39,128.07
15.4,127.99
15.41,127.92
15.42,127.85
15.43,127.78
15.44,127.7
15.45,127.63
15.46,127.56
15.47,127.49
15.48,127.41
15.49,127.34
15.5,127.27
15.51,127.2
15.52,127.12
15.53,127.05
15.54,126.98
15.55,126.91
15.56,126.83
15.57,126.76
15.58,126.69
15.59,126.62
15.6,126.54
15.61,126.47
15.62,126.4
15.63,126.32
15.64,126.25
15.65,126.18
15.66,126.11
15.67,126.03
15.68,125.96
15.69,125.89
15.7,125.82
15.71,125.74
15.72,125.67
15.73,125.6
15.74,125.52
15.75,125.45
15.76,125.38
15.77,125.31
15.78,125.23
15.79,125.16
15.8,125.09
15.81,125.01
15.82,124.94
15.83,124.87
15.84,124.8
15.85,124.72
15.86,124.65
15.87,124.58
15.88,124.5
15.89,124.43
15.9,124.36
15.91,124.29
15.92,124.21
15.93,124.14
15.94,124.07
15.95,123.99
15.96,123.92
15.97,123.85
15.98,123.78
15.99,123.7
16,123.63
16.01,123.56
16.02,123.48
16.03,123.41
16.04,123.34
16.05,123.26
16.06,123.19
16.07,123.12
16.08,123.05
16.09,122.97
16.1,122.9
16.11,122.83
16.12,122.75
16.13,122.68
16.14,122.61
16.15,122.54
16.16,122.46
16.17,122.39
16.18,122.32
16.19,122.24
16.2,122.17
16.21,122.1
16.22,122.02
16.23,121.95
16.24,121.88
16.25,121.81
16.26,121.73
16.27,121.66
16.28,121.59
16.29,121.51
16.3,121.44
16.31,121.37
16.32,121.29
16.33,121.22
16.34,121.15
16.35,121.08
16.36,121
16.37,120.93
16.38,120.86
16.39,120.78
16.4,120.71
16.41,120.64
16.42,120.56
16.43,120.49
16.44,120.42
16.45,120.34
16.46,120.27
16.47,120.2
16.48,120.13
16.49,120.05
16.5,119.98
16.51,119.91
16.52,119.83
16.53,119.76
16.54,119.69
16.55,119.61
16.56,119.54
16.57,119.47
16.58,119.4
16.59,119.32
16.6,119.25
16.61,119.18
16.62,119.1
16.63,119.03
16.64,118.96
16.65,118.88
16.66,118.81
16.67,118.74
16.68,118.67
16.69,118.59
16.7,118.52
16.71,118.45
16.72,118.37
16.73,118.3
16.74,118.23
16.75,118.15
16.76,118.08
16.77,118.01
16.78,117.93
16.79,117.86
16.8,117.79
16.81,117.72
16.82,117.64
16.83,117.57
16.84,117.5
16.85,117.42
16.86,117.35
16.87,117.28
16.88,117.2
16.89,117.13
16.9,117.06
16.91,116.99
16.92,116.91
16.93,116.84
16.94,116.77
16.95,116.69
16.96,116.62
16.97,116.55
16.98,116.47
16.99,116.4
17,116.33
17.01,116.26
17.02,116.18
17.03,116.11
17.04,116.04
17.05,115.96
17.06,115.89
17.07,115.82
17.08,115.75
17.09,115.67
17.1,115.6
17.11,115.53
17.12,115.45
17.13,115.38
17.14,115.31
17.15,115.23
17.16,115.16
17.17,115.09
17.18,115.02
17.19,114.94
17.2,114.87
17.21,114.8
17.22,114.72
17.23,114.65
17.24,114.58
17.25,114.51
17.26,114.43
17.27,114.36
17.28,114.29
17.29,114.21
17.3,114.14
17.31,114.07
17.32,114
17.33,113.92
17.34,113.85
17.35,113.78
17.36,113.7
17.37,113.63
17.38,113.56
17.39,113.49
17.4,113.41
17.41,113.34
17.42,113.27
17.43,113.19
17.44,113.12
17.45,113.05
17.46,112.98
17.47,112.9
17.48,112.83
17.49,112.76
17.5,112.69
17.51,112.61
17.52,112.54
17.53,112.47
17.54,112.39
17.55,112.32
17.56,112.25
17.57,112.18
17.58,112.1
17.59,112.03
17.6,111.96
17.61,111.89
17.62,111.81
17.63,111.74
17.64,111.67
17.65,111.59
17.66,111.52
17.67,111.45
17.68,111.38
17.69,111.3
17.7,111.23
17.71,111.16
17.72,111.09
17.73,111.01
17.74,110.94
17.75,110.87
17.76,110.8
17.77,110.72
17.78,110.65
17.79,110.58
17.8,110.5
17.81,110.43
17.82,110.36
17.83,110.29
17.84,110.21
17.85,110.14
17.86,110.07
17.87,110
17.88,109.92
17.89,109.85
17.9,109.78
17.91,109.71
17.92,109.63
17.93,109.56
17.94,109.49
17.95,109.42
17.96,109.34
17.97,109.27
17.98,109.2
17.99,109.13
18,109.05
18.01,108.98
18.02,108.91
18.03,108.84
18.04,108.76
18.05,108.69
18.06,108.62
18.07,108.55
18.08,108.47
18.09,108.4
18.1,108.33
18.11,108.26
18.12,108.18
18.13,108.11
18.14,108.04
18.15,107.97
18.16,107.89
18.17,107.82
18.18,107.75
18.19,107.68
18.2,107.61
18.21,107.53
18.22,107.46
18.23,107.39
18.24,107.32
18.25,107.24
18.26,107.17
18.27,107.1
18.28,107.03
18.29,106.95
18.3,106.88
18.31,106.81
18.32,106.74
18.33,106.67
18.34,106.59
18.35,106.52
18.36,106.45
18.37,106.38
18.38,106.3
18.39,106.23
18.4,106.16
18.41,106.09
18.42,106.02
18.43,105.94
18.44,105.87
18.45,105.8
18.46,105.73
18.47,105.65
18.48,105.58
18.49,105.51
18.5,105.44
18.51,105.37
18.52,105.29
18.53,105.22
18.54,105.15
18.55,105.08
18.56,105
18.57,104.93
18.58,104.86
18.59,104.79
18.6,104.72
18.61,104.64
18.62,104.57
18.63,104.5
18.64,104.43
18.65,104.36
18.66,104.28
18.67,104.21
18.68,104.14
18.69,104.07
18.7,104
18.71,103.92
18.72,103.85
18.73,103.78
18.74,103.71
18.75,103.64
18.76,103.56
18.77,103.49
18.78,103.42
18.79,103.35
18.8,103.28
18.81,103.2
18.82,103.13
18.83,103.06
18.84,102.99
18.85,102.92
18.86,102.84
18.87,102.77
18.88,102.7
18.89,102.63
18.9,102.56
18.91,102.48
18.92,102.41
18.93,102.34
18.94,102.27
18.95,102.2
18.96,102.12
18.97,102.05
18.98,101.98
18.99,101.91
19,101.84
19.01,101.77
19.02,101.69
19.03,101.62
19.04,101.55
19.05,101.48
19.06,101.41
19.07,101.33
19.08,101.26
19.09,101.19
19.1,101.12
19.11,101.05
19.12,100.98
19.13,100.9
19.14,100.83
19.15,100.76
19.16,100.69
19.17,100.62
19.18,100.54
19.19,100.47
19.2,100.4
19.21,100.33
19.22,100.26
19.23,100.19
19.24,100.11
19.25,100.04
19.26,99.971
19.27,99.9
19.28,99.828
19.29,99.756
19.3,99.685
19.31,99.613
19.32,99.541
19.33,99.47
19.34,99.398
19.35,99.326
19.36,99.255
19.37,99.183
19.38,99.111
19.39,99.04
19.4,98.968
19.41,98.897
19.42,98.825
19.43,98.753
19.44,98.682
19.45,98.61
19.46,98.539
19.47,98.467
19.48,98.396
19.49,98.324
19.5,98.252
19.51,98.181
19.52,98.109
19.53,98.038
19.54,97.966
19.55,97.895
19.56,97.823
19.57,97.752
19.58,97.68
19.59,97.609
19.6,97.537
19.61,97.466
19.62,97.394
19.63,97.323
19.64,97.251
19.65,97.18
19.66,97.108
19.67,97.037
19.68,96.965
19.69,96.894
19.7,96.822
19.71,96.751
19.72,96.68
19.73,96.608
19.74,96.537
19.75,96.465
19.76,96.394
19.77,96.322
19.78,96.251
19.79,96.18
19.8,96.108
19.81,96.037
19.82,95.965
19.83,95.894
19.84,95.823
19.85,95.751
19.86,95.68
19.87,95.609
19.88,95.537
19.89,95.466
19.9,95.394
19.91,95.323
19.92,95.252
19.93,95.18
19.94,95.109
19.95,95.038
19.96,94.966
19.97,94.895
19.98,94.824
19.99,94.752
20,94.681
20.01,94.61
20.02,94.539
20.03,94.467
20.04,94.396
20.05,94.325
20.06,94.253
20.07,94.182
20.08,94.111
20.09,94.04
20.1,93.968
20.11,93.897
20.12,93.826
20.13,93.755
20.14,93.683
20.15,93.612
20.16,93.541
20.17,93.47
20.18,93.398
20.19,93.327
20.2,93.256
20.21,93.185
20.22,93.113
20.23,93.042
20.24,92.971
20.25,92.9
20.26,92.829
20.27,92.757
20.28,92.686
20.29,92.615
20.3,92.544
20.31,92.473
20.32,92.401
20.33,92.33
20.34,92.259
20.35,92.188
20.36,92.117
20.37,92.046
20.38,91.974
20.39,91.903
20.4,91.832
20.41,91.761
20.42,91.69
20.43,91.619
20.44,91.548
20.45,91.476
20.46,91.405
20.47,91.334
20.48,91.263
20.49,91.192
20.5,91.121
20.51,91.05
20.52,90.979
20.53,90.907
20.54,90.836
20.55,90.765
20.56,90.694
20.57,90.623
20.58,90.552
20.59,90.481
20.6,90.41
20.61,90.339
20.62,90.268
20.63,90.197
20.64,90.125
20.65,90.054
20.66,89.983
20.67,89.912
20.68,89.841
20.69,89.77
20.7,89.699
20.71,89.628
20.72,89.557
20.73,89.486
20.74,89.415
20.75,89.344
20.76,89.273
20.77,89.202
20.78,89.131
20.79,89.06
20.8,88.989
20.81,88.917
20.82,88.846
20.83,88.775
20.84,88.704
20.85,88.633
20.86,88.562
20.87,88.491
20.88,88.42
20.89,88.349
20.9,88.278
20.91,88.207
20.92,88.136
20.93,88.065
20.94,87.994
20.95,87.923
20.96,87.852
20.97,87.781
20.98,87.71
20.99,87.639
21,87.568
21.01,87.497
21.02,87.426
21.03,87.355
21.04,87.284
21.05,87.213
21.06,87.142
21.07,87.071
21.08,87
21.09,86.929
21.1,86.858
21.11,86.787
21.12,86.716
21.13,86.645
21.14,86.574
21.15,86.504
21.16,86.433
21.17,86.362
21.18,86.291
21.19,86.22
21.2,86.149
21.21,86.078
21.22,86.007
21.23,85.936
21.24,85.865
21.25,85.794
21.26,85.723
21.27,85.652
21.28,85.581
21.29,85.51
21.3,85.439
21.31,85.368
21.32,85.297
21.33,85.226
21.34,85.155
21.35,85.084
21.36,85.013
21.37,84.943
21.38,84.872
21.39,84.801
21.4,84.73
21.41,84.659
21.42,84.588
21.43,84.517
21.44,84.446
21.45,84.375
21.46,84.304
21.47,84.233
21.48,84.162
21.49,84.091
21.5,84.02
21.51,83.949
21.52,83.878
21.53,83.808
21.54,83.737
21.55,83.666
21.56,83.595
21.57,83.524
21.58,83.453
21.59,83.382
21.6,83.311
21.61,83.24
21.62,83.169
21.63,83.098
21.64,83.027
21.65,82.956
21.66,82.886
21.67,82.815
21.68,82.744
21.69,82.673
21.7,82.602
21.71,82.531
21.72,82.46
21.73,82.389
21.74,82.318
21.75,82.247
21.76,82.176
21.77,82.105
21.78,82.034
21.79,81.964
21.8,81.893
21.81,81.822
21.82,81.751
21.83,81.68
21.84,81.609
21.85,81.538
21.86,81.467
21.87,81.396
21.88,81.325
21.89,81.254
21.9,81.183
21.91,81.113
21.92,81.042
21.93,80.971
21.94,80.9
21.95,80.829
21.96,80.758
21.97,80.687
21.98,80.616
21.99,80.545
22,80.474
22.01,80.403
22.02,80.332
22.03,80.261
22.04,80.191
22.05,80.12
22.06,80.049
22.07,79.978
22.08,79.907
22.09,79.836
22.1,79.765
22.11,79.694
22.12,79.623
22.13,79.552
22.14,79.481
22.15,79.41
22.16,79.339
22.17,79.268
22.18,79.198
22.19,79.127
22.2,79.056
22.21,78.985
22.22,78.914
22.23,78.843
22.24,78.772
22.25,78.701
22.26,78.63
22.27,78.559
22.28,78.488
22.29,78.417
22.3,78.346
22.31,78.275
22.32,78.204
22.33,78.134
22.34,78.063
22.35,77.992
22.36,77.921
22.37,77.85
22.38,77.779
22.39,77.708
22.4,77.637
22.41,77.566
22.42,77.495
22.43,77.424
22.44,77.353
22.45,77.282
22.46,77.211
22.47,77.14
22.48,77.069
22.49,76.998
22.5,76.927
22.51,76.856
22.52,76.785
22.53,76.714
22.54,76.644
22.55,76.573
22.56,76.502
22.57,76.431
22.58,76.36
22.59,76.289
22.6,76.218
22.61,76.147
22.62,76.076
22.63,76.005
22.64,75.934
22.65,75.863
22.66,75.792
22.67,75.721
22.68,75.65
22.69,75.579
22.7,75.508
22.71,75.437
22.72,75.366
22.73,75.295
22.74,75.224
22.75,75.153
22.76,75.082
22.77,75.011
22.78,74.94
22.79,74.869
22.8,74.798
22.81,74.727
22.82,74.656
22.83,74.585
22.84,74.514
22.85,74.443
22.86,74.372
22.87,74.301
22.88,74.23
22.89,74.159
22.9,74.088
22.91,74.017
22.92,73.946
22.93,73.875
22.94,73.804
22.95,73.733
22.96,73.662
22.97,73.591
22.98,73.52
22.99,73.449
23,73.378
23.01,73.307
23.02,73.236
23.03,73.165
23.04,73.094
23.05,73.023
23.06,72.952
23.07,72.881
23.08,72.81
23.09,72.738
23.1,72.667
23.11,72.596
23.12,72.525
23.13,72.454
23.14,72.383
23.15,72.312
23.16,72.241
23.17,72.17
23.18,72.099
23.19,72.028
23.2,71.957
23.21,71.886
23.22,71.815
23.23,71.744
23.24,71.673
23.25,71.602
23.26,71.53
23.27,71.459
23.28,71.388
23.29,71.317
23.3,71.246
23.31,71.175
23.32,71.104
23.33,71.033
23.34,70.962
23.35,70.891
23.36,70.82
23.37,70.749
23.38,70.677
23.39,70.606
23.4,70.535
23.41,70.464
23.42,70.393
23.43,70.322
23.44,70.251
23.45,70.18
23.46,70.109
23.47,70.037
23.48,69.966
23.49,69.895
23.5,69.824
23.51,69.753
23.52,69.682
23.53,69.611
23.54,69.54
23.55,69.468
23.56,69.397
23.57,69.326
23.58,69.255
23.59,69.184
23.6,69.113
23.61,69.042
23.62,68.971
23.63,68.899
23.64,68.828
23.65,68.757
23.66,68.686
23.67,68.615
23.68,68.544
23.69,68.472
23.7,68.401
23.71,68.33
23.72,68.259
23.73,68.188
23.74,68.117
23.75,68.045
23.76,67.974
23.77,67.903
23.78,67.832
23.79,67.761
23.8,67.69
23.81,67.618
23.82,67.547
23.83,67.476
23.84,67.405
23.85,67.334
23.86,67.262
23.87,67.191
23.88,67.12
23.89,67.049
23.9,66.978
23.91,66.906
23.92,66.835
23.93,66.764
23.94,66.693
23.95,66.622
23.96,66.55
23.97,66.479
23.98,66.408
23.99,66.337
24,66.266
24.01,66.194
24.02,66.123
24.03,66.052
24.04,65.981
24.05,65.909
24.06,65.838
24.07,65.767
24.08,65.696
24.09,65.624
24.1,65.553
24.11,65.482
24.12,65.411
24.13,65.339
24.14,65.268
24.15,65.197
24.16,65.126
24.17,65.054
24.18,64.983
24.19,64.912
24.2,64.841
24.21,64.769
24.22,64.698
24.23,64.627
24.24,64.556
24.25,64.484
24.26,64.413
24.27,64.342
24.28,64.27
24.29,64.199
24.3,64.128
24.31,64.057
24.32,63.985
24.33,63.914
24.34,63.843
24.35,63.771
24.36,63.7
24.37,63.629
24.38,63.557
24.39,63.486
24.4,63.415
24.41,63.344
24.42,63.272
24.43,63.201
24.44,63.13
24.45,63.058
24.46,62.987
24.47,62.916
24.48,62.844
24.49,62.773
24.5,62.702
24.51,62.63
24.52,62.559
24.53,62.488
24.54,62.416
24.55,62.345
24.56,62.274
24.57,62.202
24.58,62.131
24.59,62.06
24.6,61.988
24.61,61.917
24.62,61.846
24.63,61.774
24.64,61.703
24.65,61.632
24.66,61.56
24.67,61.489
24.68,61.417
24.69,61.346
24.7,61.275
24.71,61.203
24.72,61.132
24.73,61.061
24.74,60.989
24.75,60.918
24.76,60.846
24.77,60.775
24.78,60.704
24.79,60.632
24.8,60.561
24.81,60.49
24.82,60.418
24.83,60.347
24.84,60.275
24.85,60.204
24.86,60.133
24.87,60.061
24.88,59.99
24.89,59.918
24.9,59.847
24.91,59.776
24.92,59.704
24.93,59.633
24.94,59.561
24.95,59.49
24.96,59.418
24.97,59.347
24.98,59.276
24.99,59.204
25,59.133
25.01,59.061
25.02,58.99
25.03,58.918
25.04,58.847
25.05,58.776
25.06,58.704
25.07,58.633
25.08,58.561
25.09,58.49
25.1,58.418
25.11,58.347
25.12,58.276
25.13,58.204
25.14,58.133
25.15,58.061
25.16,57.99
25.17,57.918
25.18,57.847
25.19,57.775
25.2,57.704
25.21,57.632
25.22,57.561
25.23,57.489
25.24,57.418
25.25,57.347
25.26,57.275
25.27,57.204
25.28,57.132
25.29,57.061
25.3,56.989
25.31,56.918
25.32,56.846
25.33,56.775
25.34,56.703
25.35,56.632
25.36,56.56
25.37,56.489
25.38,56.417
25.39,56.346
25.4,56.274
25.41,56.203
25.42,56.131
25.43,56.06
25.44,55.988
25.45,55.917
25.46,55.845
25.47,55.774
25.48,55.702
25.49,55.631
25.5,55.559
25.51,55.488
25.52,55.416
25.53,55.345
25.54,55.273
25.55,55.202
25.56,55.13
25.57,55.059
25.58,54.987
25.59,54.916
25.6,54.844
25.61,54.772
25.62,54.701
25.63,54.629
25.64,54.558
25.65,54.486
25.66,54.415
25.67,54.343
25.68,54.272
25.69,54.2
25.7,54.129
25.71,54.057
25.72,53.986
25.73,53.914
25.74,53.842
25.75,53.771
25.76,53.699
25.77,53.628
25.78,53.556
25.79,53.485
25.8,53.413
25.81,53.342
25.82,53.27
25.83,53.198
25.84,53.127
25.85,53.055
25.86,52.984
25.87,52.912
25.88,52.841
25.89,52.769
25.9,52.698
25.91,52.626
25.92,52.554
25.93,52.483
25.94,52.411
25.95,52.34
25.96,52.268
25.97,52.197
25.98,52.125
25.99,52.053
26,51.982
26.01,51.91
26.02,51.839
26.03,51.767
26.04,51.695
26.05,51.624
26.06,51.552
26.07,51.481
26.08,51.409
26.09,51.337
26.1,51.266
26.11,51.194
26.12,51.123
26.13,51.051
26.14,50.979
26.15,50.908
26.16,50.836
26.17,50.765
26.18,50.693
26.19,50.621
26.2,50.55
26.21,50.478
26.22,50.407
26.23,50.335
26.24,50.263
26.25,50.192
26.26,50.12
26.27,50.049
26.28,49.977
26.29,49.905
26.3,49.834
26.31,49.762
26.32,49.691
26.33,49.619
26.34,49.547
26.35,49.476
26.36,49.404
26.37,49.332
26.38,49.261
26.39,49.189
26.4,49.118
26.41,49.046
26.42,48.974
26.43,48.903
26.44,48.831
26.45,48.759
26.46,48.688
26.47,48.616
26.48,48.544
26.49,48.473
26.5,48.401
26.51,48.33
26.52,48.258
26.53,48.186
26.54,48.115
26.55,48.043
26.56,47.971
26.57,47.9
26.58,47.828
26.59,47.756
26.6,47.685
26.61,47.613
26.62,47.542
26.63,47.47
26.64,47.398
26.65,47.327
26.66,47.255
26.67,47.183
26.68,47.112
26.69,47.04
26.7,46.968
26.71,46.897
26.72,46.825
26.73,46.753
26.74,46.682
26.75,46.61
26.76,46.538
26.77,46.467
26.78,46.395
26.79,46.323
26.8,46.252
26.81,46.18
26.82,46.108
26.83,46.037
26.84,45.965
26.85,45.893
26.86,45.822
26.87,45.75
26.88,45.679
26.89,45.607
26.9,45.535
26.91,45.464
26.92,45.392
26.93,45.32
26.94,45.249
26.95,45.177
26.96,45.105
26.97,45.034
26.98,44.962
26.99,44.89
27,44.818
27.01,44.747
27.02,44.675
27.03,44.603
27.04,44.532
27.05,44.46
27.06,44.388
27.07,44.317
27.08,44.245
27.09,44.173
27.1,44.102
27.11,44.03
27.12,43.958
27.13,43.887
27.14,43.815
27.15,43.743
27.16,43.672
27.17,43.6
27.18,43.528
27.19,43.457
27.2,43.385
27.21,43.313
27.22,43.242
27.23,43.17
27.24,43.098
27.25,43.027
27.26,42.955
27.27,42.883
27.28,42.812
27.29,42.74
27.3,42.668
27.31,42.596
27.32,42.525
27.33,42.453
27.34,42.381
27.35,42.31
27.36,42.238
27.37,42.166
27.38,42.095
27.39,42.023
27.4,41.951
27.41,41.88
27.42,41.808
27.43,41.736
27.44,41.665
27.45,41.593
27.46,41.521
27.47,41.449
27.48,41.378
27.49,41.306
27.5,41.234
27.51,41.163
27.52,41.091
27.53,41.019
27.54,40.948
27.55,40.876
27.56,40.804
27.57,40.733
27.58,40.661
27.59,40.589
27.6,40.518
27.61,40.446
27.62,40.374
27.63,40.302
27.64,40.231
27.65,40.159
27.66,40.087
27.67,40.016
27.68,39.944
27.69,39.872
27.7,39.801
27.71,39.729
27.72,39.657
27.73,39.586
27.74,39.514
27.75,39.442
27.76,39.37
27.77,39.299
27.78,39.227
27.79,39.155
27.8,39.084
27.81,39.012
27.82,38.94
27.83,38.869
27.84,38.797
27.85,38.725
27.86,38.653
27.87,38.582
27.88,38.51
27.89,38.438
27.9,38.367
27.91,38.295
27.92,38.223
27.93,38.152
27.94,38.08
27.95,38.008
27.96,37.937
27.97,37.865
27.98,37.793
27.99,37.721
28,37.65
28.01,37.578
28.02,37.506
28.03,37.435
28.04,37.363
28.05,37.291
28.06,37.22
28.07,37.148
28.08,37.076
28.09,37.005
28.1,36.933
28.11,36.861
28.12,36.789
28.13,36.718
28.14,36.646
28.15,36.574
28.16,36.503
28.17,36.431
28.18,36.359
28.19,36.288
28.2,36.216
28.21,36.144
28.22,36.072
28.23,36.001
28.24,35.929
28.25,35.857
28.26,35.786
28.27,35.714
28.28,35.642
28.29,35.571
28.3,35.499
28.31,35.427
28.32,35.356
28.33,35.284
28.34,35.212
28.35,35.14
28.36,35.069
28.37,34.997
28.38,34.925
28.39,34.854
28.4,34.782
28.41,34.71
28.42,34.639
28.43,34.567
28.44,34.495
28.45,34.424
28.46,34.352
28.47,34.28
28.48,34.209
28.49,34.137
28.5,34.065
28.51,33.993
28.52,33.922
28.53,33.85
28.54,33.778
28.55,33.707
28.56,33.635
28.57,33.563
28.58,33.492
28.59,33.42
28.6,33.348
28.61,33.277
28.62,33.205
28.63,33.133
28.64,33.062
28.65,32.99
28.66,32.918
28.67,32.846
28.68,32.775
28.69,32.703
28.7,32.631
28.71,32.56
28.72,32.488
28.73,32.416
28.74,32.345
28.75,32.273
28.76,32.201
28.77,32.13
28.78,32.058
28.79,31.986
28.8,31.915
28.81,31.843
28.82,31.771
28.83,31.7
28.84,31.628
28.85,31.556
28.86,31.485
28.87,31.413
28.88,31.341
28.89,31.27
28.9,31.198
28.91,31.126
28.92,31.054
28.93,30.983
28.94,30.911
28.95,30.839
28.96,30.768
28.97,30.696
28.98,30.624
28.99,30.553
29,30.481
29.01,30.409
29.02,30.338
29.03,30.266
29.04,30.194
29.05,30.123
29.06,30.051
29.07,29.979
29.08,29.908
29.09,29.836
29.1,29.764
29.11,29.693
29.12,29.621
29.13,29.549
29.14,29.478
29.15,29.406
29.16,29.334
29.17,29.263
29.18,29.191
29.19,29.119
29.2,29.048
29.21,28.976
29.22,28.904
29.23,28.833
29.24,28.761
29.25,28.689
29.26,28.618
29.27,28.546
29.28,28.474
29.29,28.403
29.3,28.331
29.31,28.259
29.32,28.188
29.33,28.116
29.34,28.044
29.35,27.973
29.36,27.901
29.37,27.829
29.38,27.758
29.39,27.686
29.4,27.614
29.41,27.543
29.42,27.471
29.43,27.399
29.44,27.328
29.45,27.256
29.46,27.184
29.47,27.113
29.48,27.041
29.49,26.97
29.5,26.898
29.51,26.826
29.52,26.755
29.53,26.683
29.54,26.611
29.55,26.54
29.56,26.468
29.57,26.396
29.58,26.325
29.59,26.253
29.6,26.181
29.61,26.11
29.62,26.038
29.63,25.966
29.64,25.895
29.65,25.823
29.66,25.751
29.67,25.68
29.68,25.608
29.69,25.537
29.7,25.465
29.71,25.393
29.72,25.322
29.73,25.25
29.74,25.178
29.75,25.107
29.76,25.035
29.77,24.963
29.78,24.892
29.79,24.82
29.8,24.748
29.81,24.677
29.82,24.605
29.83,24.534
29.84,24.462
29.85,24.39
29.86,24.319
29.87,24.247
29.88,24.175
29.89,24.104
29.9,24.032
29.91,23.96
29.92,23.889
29.93,23.817
29.94,23.746
29.95,23.674
29.96,23.602
29.97,23.531
29.98,23.459
29.99,23.387
30,23.316
30.01,23.244
30.02,23.172
30.03,23.101
30.04,23.029
30.05,22.958
30.06,22.886
30.07,22.814
30.08,22.743
30.09,22.671
30.1,22.599
30.11,22.528
30.12,22.456
30.13,22.385
30.14,22.313
30.15,22.241
30.16,22.17
30.17,22.098
30.18,22.026
30.19,21.955
30.2,21.883
30.21,21.812
30.22,21.74
30.23,21.668
30.24,21.597
30.25,21.525
30.26,21.453
30.27,21.382
30.28,21.31
30.29,21.239
30.3,21.167
30.31,21.095
30.32,21.024
30.33,20.952
30.34,20.881
30.35,20.809
30.36,20.737
30.37,20.666
30.38,20.594
30.39,20.522
30.4,20.451
30.41,20.379
30.42,20.308
30.43,20.236
30.44,20.164
30.45,20.093
30.46,20.021
30.47,19.95
30.48,19.878
30.49,19.806
30.5,19.735
30.51,19.663
30.52,19.592
30.53,19.52
30.54,19.448
30.55,19.377
30.56,19.305
30.57,19.233
30.58,19.162
30.59,19.09
30.6,19.019
30.61,18.947
30.62,18.875
30.63,18.804
30.64,18.732
30.65,18.661
30.66,18.589
30.67,18.517
30.68,18.446
30.69,18.374
30.7,18.303
30.71,18.231
30.72,18.159
30.73,18.088
30.74,18.016
30.75,17.945
30.76,17.873
30.77,17.801
30.78,17.73
30.79,17.658
30.8,17.587
30.81,17.515
30.82,17.444
30.83,17.372
30.84,17.3
30.85,17.229
30.86,17.157
30.87,17.086
30.88,17.014
30.89,16.942
30.9,16.871
30.91,16.799
30.92,16.728
30.93,16.656
30.94,16.584
30.95,16.513
30.96,16.441
30.97,16.37
30.98,16.298
30.99,16.226
31,16.155
31.01,16.083
31.02,16.012
31.03,15.94
31.04,15.869
31.05,15.797
31.06,15.725
31.07,15.654
31.08,15.582
31.09,15.511
31.1,15.439
31.11,15.367
31.12,15.296
31.13,15.224
31.14,15.153
31.15,15.081
31.16,15.01
31.17,14.938
31.18,14.866
31.19,14.795
31.2,14.723
31.21,14.652
31.22,14.58
31.23,14.508
31.24,14.437
31.25,14.365
31.26,14.294
31.27,14.222
31.28,14.151
31.29,14.079
31.3,14.007
31.31,13.936
31.32,13.864
31.33,13.793
31.34,13.721
31.35,13.65
31.36,13.578
31.37,13.506
31.38,13.435
31.39,13.363
31.4,13.292
31.41,13.22
31.42,13.149
31.43,13.077
31.44,13.005
31.45,12.934
31.46,12.862
31.47,12.791
31.48,12.719
31.49,12.648
31.5,12.576
31.51,12.504
31.52,12.433
31.53,12.361
31.54,12.29
31.55,12.218
31.56,12.147
31.57,12.075
31.58,12.003
31.59,11.932
31.6,11.86
31.61,11.789
31.62,11.717
31.63,11.646
31.64,11.574
31.65,11.503
31.66,11.431
31.67,11.359
31.68,11.288
31.69,11.216
31.7,11.145
31.71,11.073
31.72,11.002
31.73,10.93
31.74,10.858
31.75,10.787
31.76,10.715
31.77,10.644
31.78,10.572
31.79,10.501
31.8,10.429
31.81,10.358
31.82,10.286
31.83,10.214
31.84,10.143
31.85,10.071
31.86,9.9998
31.87,9.9282
31.88,9.8566
31.89,9.7851
31.9,9.7135
31.91,9.642
31.92,9.5704
31.93,9.4989
31.94,9.4273
31.95,9.3558
31.96,9.2842
31.97,9.2127
31.98,9.1411
31.99,9.0696
32,8.998
32.01,8.9264
32.02,8.8549
32.03,8.7833
32.04,8.7118
32.05,8.6402
32.06,8.5687
32.07,8.4971
32.08,8.4256
32.09,8.354
32.1,8.2825
32.11,8.2109
32.12,8.1394
32.13,8.0678
32.14,7.9963
32.15,7.9247
32.16,7.8532
32.17,7.7816
32.18,7.7101
32.19,7.6386
32.2,7.567
32.21,7.4955
32.22,7.4239
32.23,7.3524
32.24,7.2808
32.25,7.2093
32.26,7.1377
32.27,7.0662
32.28,6.9946
32.29,6.9231
32.3,6.8515
32.31,6.78
32.32,6.7085
32.33,6.6369
32.34,6.5654
32.35,6.4938
32.36,6.4223
32.37,6.3507
32.38,6.2792
32.39,6.2077
32.4,6.1361
32.41,6.0646
32.42,5.993
32.43,5.9215
32.44,5.8499
32.45,5.7784
32.46,5.7069
32.47,5.6353
32.48,5.5638
32.49,5.4922
32.5,5.4207
32.51,5.3492
32.52,5.2776
32.53,5.2061
32.54,5.1345
32.55,5.063
32.56,4.9915
32.57,4.9199
32.58,4.8484
32.59,4.7768
32.6,4.7053
32.61,4.6338
32.62,4.5622
32.63,4.4907
32.64,4.4192
32.65,4.3476
32.66,4.2761
32.67,4.2045
32.68,4.133
32.69,4.0615
32.7,3.9899
32.71,3.9184
32.72,3.8469
32.73,3.7753
32.74,3.7038
32.75,3.6323
32.76,3.5607
32.77,3.4892
32.78,3.4176
32.79,3.3461
32.8,3.2746
32.81,3.203
32.82,3.1315
32.83,3.06
32.84,2.9884
32.85,2.9169
32.86,2.8454
32.87,2.7738
32.88,2.7023
32.89,2.6308
32.9,2.5592
32.91,2.4877
32.92,2.4162
32.93,2.3446
32.94,2.2731
32.95,2.2016
32.96,2.13
32.97,2.0585
32.98,1.987
32.99,1.9155
33,1.8439
33.01,1.7724
33.02,1.7009
33.03,1.6293
33.04,1.5578
33.05,1.4863
33.06,1.4147
33.07,1.3432
33.08,1.2717
33.09,1.2001
33.1,1.1286
33.11,1.0571
33.12,0.98555
33.13,0.91402
33.14,0.84249
33.15,0.77096
33.16,0.69944
33.17,0.62791
33.18,0.55638
33.19,0.48485
33.2,0.41332
33.21,0.34512
33.22,0.28543
33.23,0.23771
33.24,0.20574
33.25,0.18838
33.26,0.18533
33.27,0.19251
33.28,0.20743
33.29,0.22839
33.3,0.25088
33.31,0.27241
33.32,0.29092
33.33,0.30536
33.34,0.31684
33.35,0.32707
33.36,0.33794
33.37,0.34982
33.38,0.36291
33.39,0.37728
33.4,0.39296
33.41,0.40987
33.42,0.42791
33.43,0.44693
33.44,0.46676
33.45,0.48721
33.46,0.5081
33.47,0.52926
33.48,0.5505
33.49,0.57169
33.5,0.59269
33.51,0.61338
33.52,0.63368
33.53,0.65351
33.54,0.67281
33.55,0.69155
33.56,0.70972
33.57,0.7273
33.58,0.74431
33.59,0.76075
33.6,0.77665
33.61,0.79204
33.62,0.80695
33.63,0.82141
33.64,0.83545
33.65,0.84909
33.66,0.86238
33.67,0.87534
33.68,0.88799
33.69,0.90034
33.7,0.91242
33.71,0.92424
33.72,0.9358
33.73,0.94711
33.74,0.95817
33.75,0.96899
33.76,0.97955
33.77,0.98987
33.78,0.99992
33.79,1.0097
33.8,1.0192
33.81,1.0284
33.82,1.0374
33.83,1.046
33.84,1.0544
33.85,1.0624
33.86,1.0701
33.87,1.0775
33.88,1.0845
33.89,1.0912
33.9,1.0976
33.91,1.1037
33.92,1.1093
33.93,1.1147
33.94,1.1197
33.95,1.1243
33.96,1.1286
33.97,1.1325
33.98,1.1361
33.99,1.1393
34,1.1422
34.01,1.1448
34.02,1.1469
34.03,1.1488
34.04,1.1502
34.05,1.1513
34.06,1.1521
34.07,1.1525
34.08,1.1526
34.09,1.1523
34.1,1.1516
34.11,1.1506
34.12,1.1493
34.13,1.1476
34.14,1.1455
34.15,1.1431
34.16,1.1403
34.17,1.1371
34.18,1.1336
34.19,1.1298
34.2,1.1255
34.21,1.1209
34.22,1.1159
34.23,1.1106
34.24,1.1049
34.25,1.0988
34.26,1.0923
34.27,1.0855
34.28,1.0783
34.29,1.0707
34.3,1.0627
34.31,1.0544
34.32,1.0457
34.33,1.0366
34.34,1.0271
34.35,1.0173
34.36,1.0071
34.37,0.99646
34.38,0.98549
34.39,0.97415
34.4,0.96242
34.41,0.95032
34.42,0.93785
34.43,0.925
34.44,0.91178
34.45,0.89818
34.46,0.88421
34.47,0.86987
34.48,0.85516
34.49,0.84007
34.5,0.82461
34.51,0.80878
34.52,0.79259
34.53,0.77602
34.54,0.75908
34.55,0.74177
34.56,0.7241
34.57,0.70606
34.58,0.68764
34.59,0.66886
34.6,0.64972
34.61,0.6302
34.62,0.61032
34.63,0.59007
34.64,0.56945
34.65,0.54846
34.66,0.52711
34.67,0.50539
34.68,0.4833
34.69,0.46085
34.7,0.43802
34.71,0.41483
34.72,0.39127
34.73,0.36734
34.74,0.34511
34.75,0.32633
34.76,0.31123
34.77,0.29947
34.78,0.29165
34.79,0.28855
34.8,0.28881
34.81,0.29138
34.82,0.29511
34.83,0.29914
34.84,0.30285
34.85,0.30586
34.86,0.30803
34.87,0.31022
34.88,0.31271
34.89,0.31557
34.9,0.31881
34.91,0.32241
34.92,0.32634
34.93,0.33054
34.94,0.33496
34.95,0.33952
34.96,0.34414
34.97,0.34875
34.98,0.35328
34.99,0.35764
35,0.36177
